MCC,Description
11,COMMERCE BANK ODP
701,POSTAGE TRANSACTION CHARGE
742,VETERINARY SERVICES
763,AGRICULTURAL COOPERATIVES
780,LANDSCAPE AND HORTICULTURAL SERVICES
1520,GENERAL CONTRACTORS - RESIDENTIAL BUILDINGS
1711,"A/C, HEATING OR PLUMBING CONTRACTORS - SALES & INSTALLATION"
1731,ELECTRICAL CONTRACTORS
1740,"MASONRY, STONEWORK, TILE SETTING, PLASTERING"
1750,CARPENTRY
1761,"ROOFING, SHEET METAL WORK, OR SIDING -- CONTRACTORS"
1771,CONTRACTORS -- CONCRETE WORK
1799,SPECIAL TRADE CONTRACTORS
2741,MISCELLANEOUS PUBLISHING AND PRINTING
2791,"TYPESETTING, PLATE MAKING AND RELATED SERVICES"
2842,"SPECIALTY CLEANING, POLISHING AND SANITATION PREPS"
3000,UNITED AIRLINES
3001,AMERICAN AIRLINES
3002,PAN AMERICAN
3003,EUROFLY AIRLINES
3004,DRAGONAIR
3005,BRITISH AIRWAYS
3006,JAPAN AIRLINES
3007,AIR FRANCE
3008,LUFTHANSA
3009,AIR CANADA
3010,KLM (ROYAL DUTCH AIRLINES)
3011,AEROFLOT
3012,QANTAS
3013,ALITALIA
3014,SAUDI ARABIAN AIRLINES
3015,SWISS INTERNATIONAL AIRLINES - SWISS AIR
3016,SAS
3017,SOUTH AFRICAN AIRWAYS
3018,VARIG AIR (BRAZIL)
3019,GERMANWINGS - GRMNWGAIR
3020,AIR INDIA
3021,AIR ALGERIE
3022,PAL AIR
3023,MEXICANA
3024,PAKISTAN INTERNATIONAL
3025,AIR NEW ZEALAND
3026,EMIRATES AIRLINES
3027,UTA/INTERAIR
3028,AIR MALTA
3029,SN BRUSSELS AIRLINES - SNBRU AIR
3030,AEROLINEAS ARGENTINAS
3031,OLYMPIC AIRWAYS
3032,EL AL
3033,ANSETT AIRLINES
3034,TRANS AUSTRAILIAN AIRWAYS (TAA)
3035,TAP (PORTUGAL)
3036,VASP (BRAZIL)
3037,EGYPTAIR
3038,KUWAIT AIRWAYS
3039,AVIANCA
3040,GULF AIR (BAHRAIN)
3041,BALKAN-BULGARIAN AIRLINES
3042,FINNAIR
3043,AER LINGUS
3044,AIR LANKA
3045,NIGERIA AIRWAYS
3046,CRUZEIRO DO SUL (BRAZIL)
3047,THY (TURKEY)
3048,AIRMARO
3049,TUNIS AIR
3050,ICELANDAIR
3051,AUSTRIAN AIRLINES
3052,LAN AIRLINES-LANAIR
3053,AVIACO (SPAIN)
3054,LADECO (CHILE)
3055,LAB (BOLIVIA)
3056,QUEBECAIRE
3057,EAST/WEST AIRLINES (AUSTRALIA)
3058,DELTA
3059,DBA AIRLINES/REPUBLIC
3060,NORTHWEST
3061,CONTINENTAL
3062,WESTERN AIRLINES - HAPAG-LLOYD EXPRESS HLX
3063,U.S. AIR
3064,ADRIA AIRWAYS
3065,AIRINTER
3066,SOUTHWEST
3067,VANGUARD AIRLINES
3068,AIR ASTANA
3069,AIR EUROPE
3070,PACIFIC SOUTHWEST AIRLINE
3071,AIR BRITISH COLUMBIA
3072,CEBU PAC
3073,AIR CAL
3075,SINGAPORE AIRLINES
3076,AEROMEXICO
3077,THAI AIRWAYS
3078,CHINA AIRLINES
3079,JETSTAR AIRLINES
3081,NORDAIR
3082,KOREAN AIRLINES
3083,AIR AFRIQUE - AIR AFRIQ
3084,EVA AIRWAYS
3085,MIDWEST EXPRESS
3086,CARNIVAL AIRLINES
3087,METRO AIRLINES
3088,CROATIA AIRLINES
3089,TRANSAERO
3090,UNI AIRWAYS
3092,MIDWAY AIRLINES
3094,ZAMBIA AIRWAYS
3095,WARDAIR
3096,AIR ZIMBABWE
3097,SPANAIR
3098,ASIANNA AIRLINES - ASIANNA
3099,CATHAY PACIFIC
3100,MALAYSIAN AIRLINE SYSTEM
3101,UTA
3102,IBERIA
3103,GARUDA (INDONESIA)
3105,PIEDMONT
3106,BRAATHENS S.A.F.E. (NORWAY)
3108,WORLD AIRWAYS
3110,WINGS AIRWAYS
3111,BRITISH MIDLAND
3112,WINDWARD ISLAND
3115,TOWER AIR
3117,VENEZOLANA INTERNATIONAL DE AVIACION
3118,VALLEY AIRLINES
3125,TAN
3126,TALAIR
3127,TACA INTERNATIONAL
3129,SURINAM AIRWAYS
3130,SUN WORLD INTERNATIONAL
3131,VLM AIRLINES
3132,FRONTIER AIRLINES
3133,SUNBELT AIRLINES
3135,SUDAN AIRWAYS
3136,QATAR AIRWAYS
3137,SINGLETON AIR
3138,SIMMONS AIRLINES
3141,SEAIR ALASKA
3143,SCENIC AIRLINES
3144,VIRGIN ATLANTIC
3145,SAN JUAN AIRLINES
3146,LUXAIR
3148,AIR LITTORAL SA
3151,AIR ZAIRE
3154,PRINCEVILLE
3156,GO FLY LTD
3159,PROVINCETONW-BOSTON AIRWAYS (PBA)
3161,ALL NIPON AIRWAYS
3164,NORTONAIR
3165,NEW YORK HELICOPTER
3167,AERO CONTINENTE - AERO CONT
3170,MOUNT COOK
3171,CANADIAN AIRLINES INTERNATIONAL
3172,NATIONAIR
3174,JETBLUE AIRLINES
3175,MIDDLE EAST AIR
3176,METROFLIGHT AIRLINES
3177,AIRTRAN AIRWAYS
3178,MESA AIR
3180,WESTJETAIR
3181,MALEV
3182,LOT (POLAND)
3183,OMANAIR
3184,LIAT
3185,LAV (VENEZUELA)
3186,LINEAS AEREAS PARAGUAYAS (LAP)
3187,LACSA (COSTA RICA)
3188,VIRGINEXPAIR
3190,JUGOSLAV AIR
3191,ISLAND AIRLINES
3192,IRAN AIR
3193,INDIAN AIRLINES
3195,HOLIDAY AIRLINES
3196,HAWAIIAN AIR
3197,HAVASU AIRLINES
3198,HARBOR AIRLINES
3199,SERVICIOS AEREOS MILITARES
3200,GUYANA AIRWAYS
3203,GOLDEN PACIFIC AIR
3204,FREEDOM AIR
3206,CHINA EASTERN AIRLINES
3207,EMPRESA ECUATORINANA
3211,NORWEGIAN AIR SHUTTLE
3212,DOMINICANA
3213,MALMO AVIATION
3215,DAN AIR SERVICES
3216,CUMBERLAND AIRLINES
3217,CSA
3218,CROWN AIR
3219,COPA
3220,COMPANIA FAUCETT
3221,TRANSPORTES AEROS MILITARES ECUATORIANOS
3222,COMMAND AIRWAYS
3223,COMAIR
3226,SKYWAYS AIR
3228,CAYMAN AIRWAYS
3229,SAETA - SOCIEDAD ECUATORIANOS DE TRANSPORTES AEREOS
3231,SAHSA - SERVICIO AERO DE HONDURAS
3233,CAPITOL AIR
3234,CARIBBEAN AIRLINES
3235,BROCKWAY AIR
3236,AIR ARABIA
3238,BEMIDJI AVIATION
3239,BAR HARBOR AIRLINES
3240,BAHAMASAIR
3241,AVIATECA (GUATEMALA)
3242,CARIBBEAN AIRLINES-CARIBBEAN
3243,AUSTRIAN AIR SERVICE
3245,EASYJET AIR
3246,RYANAIR
3247,GOL AIR
3248,TAM AIR
3251,ALOHA AIRLINES
3252,ALM
3253,AMERICA WEST
3254,U.S. AIR SHUTTLE
3256,ALASKA AIRLINES
3259,AMERICAN TRANS AIR
3260,SPIRIT AIRLINES
3261,AIR CHINA
3262,"RENO AIR, INC"
3263,AERO SERVICIO CARABOBO - ASERCA
3266,AIR SEYCHELLES
3267,AIR PANAMA
3268,AIR PACIFIC
3273,RICA HOTELS
3274,INTER NOR HOTELS
3275,AIR NEVADA
3276,AIR MIDWEST
3277,AIR MADAGASCAR
3279,AIR LA
3280,AIR JAMAICA
3281,AIR DJIBOUTI
3282,AIR DJIBOUTI
3284,AERO VIRGIN ISLANDS
3285,AEROPERU
3286,AEROLINEAS NICARAGUENSIS
3287,AERO COACH AVIATION
3291,ARIANA AFGHAN
3292,CYPRUS AIRWAYS
3293,ECUATORIANA
3294,ETHIOPIAN AIRLINES
3295,KENYA AIRWAYS
3296,AIR BERLIN
3297,TAROM
3298,AIR MAURITIUS
3299,WIDEROE'S FLYVESELSKAP
3351,AFFILIATED AUTO RENTAL
3352,AMERICAN INTERNATIONAL
3353,BROOKS RENT-A-CAR
3354,ACTION AUTO RENTAL
3355,SIXT CAR RENTAL
3357,HERTZ RENT-A-CAR
3359,PAYLESS CAR RENTAL
3360,SNAPPY CAR RENTAL
3361,AIRWAYS RENT-A-CAR
3362,ALTRA AUTO RENTAL
3364,AGENCY RENT-A-CAR
3366,BUDGET RENT-A-CAR
3368,HOLIDAY RENT-A-CAR
3370,RENT-A-WRECK
3374,ACCENT RENT-A-CAR
3376,AJAX RENT-A-CAR
3380,TRIANGLE RENT A CAR
3381,EUROP CAR
3385,TROPICAL RENT-A-CAR
3386,SHOWCASE RENTAL CARS
3387,ALAMO RENT-A-CAR
3388,MERCHANTS RENT-A-CAR
3389,AVIS RENT-A-CAR
3390,DOLLAR RENT-A-CAR
3391,EUROPE BY CAR
3393,NATIONAL CAR RENTAL
3394,KEMWELL GROUP RENT-A-CAR
3395,THRIFTY RENT-A-CAR
3396,TILDEN RENT-A-CAR
3398,ECONO-CAR RENT-A-CAR
3399,AMEREX RENT-A-CAR
3400,AUTO HOST CAR RENTALS
3405,ENTERPRISE RENT-A-CAR
3409,GENERAL RENT-A-CAR
3411,ATLANTA RENT-A-CAR
3412,A-1 RENT-A-CAR
3414,GODFREY NATL RENT-A-CAR
3419,APLHA RENT-A-CAR
3420,ANSA INTL RENT-A-CAR
3421,ALLSTATE RENT-A-CAR
3423,AVCAR RENT-A-CAR
3425,AUTOMATE RENT-A-CAR
3427,AVON RENT-A-CAR
3428,CAREY RENT-A-CAR
3429,INSURANCE RENT-A-CAR
3430,MAJOR RENT-A-CAR
3431,REPLACEMENT RENT-A-CAR
3432,RESERVE RENT-A-CAR
3433,UGLY DUCKLING RENT-A-CAR
3434,USA RENT-A-CAR
3435,VALUE RENT-A-CAR
3436,AUTOHANSA RENT-A-CAR
3437,CITE RENT-A-CAR
3438,INTERENT RENT-A-CAR
3439,MILLEVILLE RENT-A-CAR
3440,VIA ROUTE RENT-A-CAR
3441,ADVANTAGE RENT-A-CAR
3501,HOLIDAY INNS
3502,BEST WESTERN HOTELS
3503,SHERATON HOTELS
3504,HILTON HOTELS
3505,FORTE HOTELS
3506,GOLDEN TULIP HOTELS
3507,FRIENDSHIP INNS
3508,QUALITY INNS & QUALITY SUITES
3509,MARRIOTT HOTELS
3510,DAYS INNS OR DAYSTOP
3511,ARABELLA HOTELS
3512,INTER-CONTINENTAL HOTELS
3513,WESTIN HOTELS
3514,AMERISUITES
3515,RODEWAY INNS
3516,LA QUINTA MOTOR INNS
3517,AMERICANA HOTELS
3518,SOL HOTELS
3519,PULLMAN INTERNATIONAL HOTELS
3520,MERIDIEN HOTELS
3521,ROYAL LAHAINA RESORTS
3522,TOKYO HOTEL
3523,PENINSULA HOTEL
3524,WELCOMGROUP HOTELS
3525,DUNFEY HOTELS
3526,PRINCE HOTELS
3527,DOWNTOWNER-PASSPORT HOTEL
3528,RED LION HOTELS OR RED LION INNS
3529,CP HOTELS
3530,RENAISSANCE HOTELS
3531,KAUAI COCONUT BEACH RESORT
3532,ROYAL KONA RESORT
3533,HOTEL IBIS
3534,SOUTHERN PACIFIC HOTELS
3535,HILTON INTERNATIONAL
3536,AMFAC HOTELS
3537,ANA HOTEL
3538,CONCORDE HOTELS
3539,SUMMERFIELD SUITES HOTEL
3540,IBEROTEL HOTELS
3541,HOTEL OKURA
3542,ROYAL HOTELS
3543,FOUR SEASONS HOTELS
3544,CIGA HOTELS
3545,SHANGRI-LA INTERNATIONAL
3546,SIERRA SUITES HOTELS
3547,BREAKERS RESORT
3548,HOTELS MELIA
3549,AUBERGE DES GOVERNEURS
3550,REGAL 8 INNS
3551,MIRAGE HOTEL AND CASINO
3552,COAST HOTELS
3553,PARK INNS INTERNATIONAL
3554,PINEHURST RESORT
3555,TREASURE ISLAND HOTEL AND CASINO
3556,BARTON CREEK RESORT
3557,MANHATTEN EAST SUITE HOTELS
3558,JOLLY HOTELS
3559,CANDLEWOOD SUITES - THISTLE HOTELS
3560,ALADDIN RESORT AND CASINO
3561,GOLDEN NUGGET
3562,COMFORT INNS
3563,JOURNEY'S END MOTELS
3564,SAM'S TOWN HOTEL AND CASINO
3565,RELAX INNS
3566,GARDEN PLACE HOTEL
3567,SOHO GRAND HOTEL
3568,LADBROKE HOTELS
3569,TRIBECA GRAND HOTEL
3570,FORUM HOTELS
3571,GRAND WAILEA RESORT
3572,MIYAKO HOTELS
3573,SANDMAN HOTELS
3574,VENTURE INNS
3575,VAGABOND HOTELS
3576,LA QUINTA REOSRT
3577,MANDARIN ORIENTAL HOTEL
3578,FRANKENMUTH BAVARIAN
3579,HOTEL MERCURE
3580,HOTEL DEL CORONADO
3581,DELTA HOTEL
3582,CALIFORNIA HOTEL AND CASINO
3583,SAS HOTELS
3584,PRINCESS HOTELS INTERNATIONAL
3585,HUNGAR HOTELS
3586,SOKOS HOTELS
3587,DORAL HOTELS
3588,HELMSLEY HOTELS
3589,DORAL GOLF RESORT
3590,FAIRMONT HOTELS
3591,SONESTA HOTELS
3592,OMNI HOTELS
3593,CUNARD HOTELS
3594,ARIZONA BILTMORE
3595,HOSPITALITY INNS
3596,WYNN LAS VEGAS
3597,RIVERSIDE RESORT AND CASINO
3598,REGENT INTERNATIONAL HOTELS
3599,PANNONIA HOTELS
3600,SADDLEBROOK RESORT
3601,TRADE WINDS RESORT
3602,HUDSON HOTEL
3603,NOAH'S HOTELS
3604,HILTON GARDEN RESORT/INN
3605,JURYS DYLE HOTEL GROUP
3606,JEFFERSON HOTEL
3607,FONTAINEBLEAU RESORTS
3608,GAYLORD OPRYLAND
3609,GAYLORD PALMS
3610,GAYLORD TEXAN
3611,C MON INN
3612,MOVENPICK HOTELS
3613,MICROTEL INN AND SUITES
3614,AMERICINN
3615,TRAVELODGE
3616,HERMITAGE HOTEL
3617,AMERICAS BEST VALUE INN
3618,GREAT WOLF
3619,ALOFT
3620,BINIONS HORSESHOE CLUB
3621,EXTENDED STAY
3622,MERLIN HOTELS
3623,DORINT HOTELS
3624,LADY LUCK HOTEL AND CASINO
3625,HOTEL UNIVERSALE
3626,STUDIO PLUS
3627,EXTENDED STAY AMERICA
3628,EXCALIBUR HOTEL AND CASINO
3629,DAN HOTELS
3630,EXTENDED STAY DELUXE
3631,SLEEP INNS
3632,PHOENICIAN
3633,RANK HOTELS
3634,SWISSOTEL
3635,RESO HOTELS
3636,SAROVA HOTELS
3637,RAMADA INNS & RAMADA LIMITED
3638,HOWARD JOHNSON
3639,MOUNT CHARLOTTE THISTLE
3640,HYATT HOTELS
3641,SOFITEL HOTELS
3642,NOVOTEL HOTELS
3643,STEIGENBERGER HOTELS
3644,ECONO LODGES
3645,QUEENS MOAT HOUSES
3646,SWALLOW HOTELS
3647,HUSA HOTELS
3648,DE VERE HOTELS
3649,RADISSON HOTELS
3650,RED ROOF INNS
3651,IMPERIAL LONDON HOTEL
3652,EMBASSY HOTELS
3653,PENTA HOTELS
3654,LOEWS HOTELS
3655,SCANDIC HOTELS
3656,SARA HOTELS
3657,OBEROI HOTELS
3658,NEW OTANI HOTELS
3659,TAJ HOTELS INTERNATIONAL
3660,KNIGHTS INNS
3661,METROPOLE HOTELS
3662,CIRCUS CIRCUS HOTEL AND CASINO
3663,HOTELES EL PRESIDENTE
3664,FLAG INN
3665,HAMPTON INNS
3666,STAKIS HOTELS
3667,LUXHOR HOTEL AND CASINO
3668,MARITIM HOTELS
3669,ELDORADO HOTEL AND CASINO
3670,ARCADE HOTELS
3671,ARCTIA HOTELS
3672,CAMPANILE HOTELS
3673,IBUSZ HOTELS
3674,RANTASIPI HOTELS
3675,INTERHOTEL CEDOK
3676,MONTE CARLO HOTEL AND CASINO
3677,CLIMAT DE FRANCE HOTELS
3678,CUMULUS HOTELS
3679,SILVER LEGACY HOTEL AND CASINO
3680,HOTEIS OTHAN
3681,ADAMS MARK HOTELS
3682,SAHARA HOTEL AND CASINO
3683,BRADBURY SUITES
3684,BUDGET HOST INNS
3685,BUDGETEL HOTELS
3686,SUSSE CHALET
3687,CLARION HOTELS
3688,COMPRI HOTELS
3689,CONSORT HOTELS
3690,COURTYARD BY MARRIOTT
3691,DILLON INNS
3692,DOUBLTREE HOTELS
3693,DRURY INNS
3694,ECONOMY INNS OF AMERICA
3695,EMBASSY SUITES
3696,EXEL INNS
3697,FAIRFIELD HOTELS
3698,HARLEY HOTELS
3699,MIDWAY MOTOR LODGE
3700,MOTEL 6
3701,LA MANSION DEL RIO
3702,REGISTRY HOTELS
3703,RESIDENCE INNS
3704,ROYCE HOTELS
3705,SANDMAN INNS
3706,SHILO INNS
3707,SHONEY'S INNS
3708,VIRGIN RIVER HOTEL AND CASINO
3709,SUPER 8 MOTELS
3710,THE RITZ CARLTON HOTELS
3711,FLAG INNS (AUSTRALIA)
3712,BUFFALO BILL'S HOTEL AND CASINO
3713,QUALITY PACIFIC HOTEL
3714,FOUR SEASONS HOTEL (AUSTRALIA)
3715,FAIRFIELD INN
3716,CARLTON HOTELS
3717,CITY LODGE HOTELS
3718,KAROS HOTELS
3719,PROTEA HOTELS
3720,SOUTHERN SUN HOTELS
3721,HILTON CONRAD
3722,WYNDHAM HOTEL & RESORTS
3723,RICA HOTELS
3724,INTER NOR HOTELS
3725,SEAPINES PLANTATION
3726,RIO SUITES
3727,BROADMOOR HOTEL
3728,BALLY'S HOTEL AND CASINO
3729,JOHN ASCUAGA'S NUGGET
3730,MGM GRAND HOTEL
3731,HARRAH'S HOTELS AND CASINOS
3732,OPRYLAND HOTEL
3733,BOCA RATON RESORT
3734,HAVERY/BRISTOL HOTEL
3735,MASTERS ECONOMY INNS
3736,COLORADO BELLE EDGEWATER RESORT
3737,RIVIERA HOTEL & CASINO
3738,TROPICANA RESORT & CASINO
3739,WOODSIDE HOTELS
3740,MARRIOTT/TOWNPLACE SUITES
3741,MILLENNIUM HOTELS
3742,CLUB MED
3743,BILTMORE HOTEL & SUITES
3744,CAREFREE RESORTS
3745,ST. REGIS HOTEL
3746,THE ELIOT HOTEL
3747,CLUBCORP/CLUB RESORTS
3748,WELLESLEY INNS
3749,THE BEVERLY HILLS HOTEL
3750,CROWNE PLAZA HOTEL
3751,HOMEWOOD SUITES
3752,PEABODY HOTELS
3753,GREENBRIAR RESORTS
3754,AMELIA ISLAND PLANTATION
3755,THE HOMESTEAD
3756,SOUTH SEAS RESORTS
3757,CANYON RANCH
3758,KAHALA MANDARIN ORIENTAL HOTEL
3759,ORCHID AT MAUNA LAI
3760,HALEKULANI HOTEL/WAIKIKI PARC
3761,PRIMADONNA HOTEL AND CASINO
3762,WHISKEY PETES HOTEL AND CASINO
3763,CHATEAU ELAN WINERY AND RESORT
3764,BEAU RIVAGE HOTEL AND CASINO
3765,BELLAGIO
3766,FREMONT HOTEL AND CASINO
3767,MAIN STREET STATION HOTEL AND CASINO
3768,SILVER STAR HOTEL AND CASINO
3769,STRATOSPHERE HOTEL AND CASINO
3770,SPRINGHILL SUITES
3771,CAESARS HOTEL AND CASINO
3772,NEMACOLIN WOODLANDS
3773,VENETIAN RESORT HOTEL AMD CASINO
3774,NEW YORK-NEW YORK HOTEL + CASINO
3775,SANDS RESORT
3776,NEVEL GRANDE RESORT AND COUNTRY CLUB
3777,MANDALAY BAY RESORT
3778,FOUR POINTS HOTELS
3779,W HOTELS
3780,DISNEY RESORTS
3781,PATRICIA GRAND RESORT HOTEL
3782,ROSEN HOTELS & RESORTS
3783,TOWN AND COUNTRY RESORT
3784,FIRST HOSPITALITY HOTELS
3785,OUTRIGGER HOTELS AND RESORTS
3786,OHANA HOTELS OF HAWAII
3787,CARIBE ROYALE RESORT SUITES & VILLAS
3788,ALA MOANA HOTEL
3789,SMUGGLERS NOTCH RESORT
3790,RAFFLES HOTEL
3791,STAYBRIDGE SUITES
3792,CLARIDGE CASINO HOTEL
3793,FLAMINGO HOTELS
3794,GRAND CASINO HOTEL
3795,PARIS LAS VEGAS HOTEL
3796,PEPPERMILL HOTEL CASINO
3797,ATLANTIC CITY HILTON
3798,EMBASSY VACATION RESORT
3799,HALE KOA RESORT
3800,HOMESTEAD SUITES
3801,WILDERNESS HOTEL AND RESORT
3802,THE PALACE HOTEL
3803,THE WIGWAM GOLF RESORT AND SPA
3804,THE DIPLOMAT COUNTRY CLUB AND SPA
3805,THE ATLANTIC
3806,PRINCEVILLE RESORT
3807,ELEMENT
3808,LXR (LUXURY RESORTS)
3809,SETTLE INN
3810,LA COSTA RESORT
3811,PREMIER TRAVEL INN
3812,HYATT PLACE
3813,HOTEL INDIGO
3814,THE ROOSEVELT HOTEL NY
3815,HOLIDAY INN NICKELODEON
3816,HOME2 SUITES
3817,AFFINIA
3818,MAINSTAY SUITES
3819,OXFORD SUITES
3820,JUMEIRAH ESSEX HOTEL
3821,CARIBE ROYALE
3822,CROSSLAND
3823,GRAND SIERRA RESORT
3824,ARIA
3825,VDARA
3826,AUTOGRAPH
3827,GALT HOUSE
3828,COSMOPOLITAN OF LAS VEGAS
3829,COUNTRY INN BY CARLSON
3830,PARK PLAZA HOTEL
3831,WALDORF
4011,RAILROADS
4111,"LOCAL/SUB COMMUTER PSGR TRNP, INCL FERRIES OR WATER TRNP"
4112,PASSENGER RAILWAYS
4119,AMBULANCE SERVICES
4121,TAXICABS OR LIMOUSINES
4131,"BUS LINES, INCLUDING CHARTERS, TOUR BUSES"
4214,"MOTOR FREIGHT CARRIERS, TRUCK-LOCAL/LONG"
4215,"COURIER SERVICES-AIR OR GROUND, FREIGHT"
4225,"PUBLIC WAREHOUSING-FARM PROD,REFRIDGERAT"
4411,CRUISE OR STEAMSHIP LINES
4457,BOAT RENTALS AND LEASES
4468,"MARINAS, MARINE SERVICE AND SUPPLIES"
4511,"AIRLINES, AIR CARRIERS (NOT LISTED BELOW)"
4582,"AIRPORTS, AIRPORT TERMINALS OR FLYING FIELDS"
4722,TRAVEL AGENCIES
4723,PACKAGE TOUR OPERATORS - GERMANY ONLY
4761,TRANSPORTATION/TRAVEL-RELATED ARRANGEMENT
4784,"TOLLS, ROAD AND BRIDGE FEES"
4789,TRANSPORTATION SERVICES (NEC)
4812,TELECOMMUNCATIONS EQUIPMENT INCLUDING TELEPHONE SALES
4813,KEY-ENTERED TELECOM MERCHANT
4814,TELECOMMUNCATIONS SERV INCL LOCA/LONG DIST CREDIT & FAX
4815,MONTHLY SUMMARY TELEPHONE CHARGES
4816,COMPUTER NETWORK/INFO SVCS
4821,TELEGRAPH SERVICES
4829,MONEY ORDERS -- WIRE TRANSFER
4899,CABLE AND OTHER PAY TELEVISION SERVICES
4900,"ELECTRIC, GAS, SANITARY, TELEPHONE OR WATER UTILITIES"
5013,MOTOR VEHICLE SUPPLIES AND NEW PARTS
5021,COMMERCIAL FURNITURE
5039,CONSTRUCTION MATERIALS (NEC)
5044,"PHOTOGRAPHIC, PHOTOCOPY, MICROFILM EQUIPMENT AND SUPPLIES"
5045,COMPUTERS AND COMPUTER PERIPHERAL EQUIPMENT AND SOFTWARE
5046,COMMERCIAL EQUIPMENT (NEC)
5047,"MEDICAL, DENTAL, OPHTHALMIC AND HOSPITAL EQUIP"
5051,METAL SERVICE CENTERS AND OFFICES
5065,ELECTRICAL PARTS AND EQUIPMENT
5072,"HARDWARE, PLUMBING, HEATING EQUIPMENT AND SUPPLIES"
5074,PLUMBING AND HEATING EQUIPMENT AND SUPPLIES
5085,INDUSTRIAL SUPPLIES (NEC)
5094,"PRECIOUS STONES AND METALS, WATCHES AND JEWELRY"
5099,DURABLE GOODS (NEC)
5111,"STATIONERY, OFFICE SUPPLIES, PRINTING AND WRITING PAPER"
5122,"DRUGS, DRUG PROPRIETARIES AND DRUGGIST SUNDRIES"
5131,"PIECE GOODS, NOTIONS, AND OTHER DRY GOODS"
5137,"MEN'S, WOMEN'S AND CHILDREN'S UNIFORMS"
5139,COMMERCIAL FOOTWEAR
5169,CHEMICALS AND ALLIED PRODUCTS (NEC)
5172,PETROLEUM AND PETROLEUM PRODUCTS
5192,"BOOKS, PERIODICALS AND NEWSPAPERS"
5193,"FLORIST SUPPLIES, NURSERY STOCK AND FLOWERS"
5198,"PAINTS, VARNISHES AND SUPPLIES"
5199,NON-DURABLE GOODS (NEC)
5200,HOME SUPPLY WAREHOUSE STORES
5211,LUMBER AND BUILDING MATERIALS STORES
5231,"GLASS, PAINT OR WALLPAPER STORES"
5251,HARDWARE STORES
5261,GARDEN AND LAWN SUPPLY STORES OR NURSERIES
5271,MOBILE HOME DEALERS
5299,WAREHOUSE CLUB GAS
5300,WHOLESALE CLUBS
5309,DUTY FREE STORES
5310,DISCOUNT STORES
5311,DEPARTMENT STORES
5331,VARIETY STORES
5399,GENERAL MERCHANDISE OR CONVENIENCE FOOD STORES
5411,GROCERY STORES OR SUPERMARKETS
5422,FREEZER AND LOCKER MEAT PROVISIONERS
5441,"CANDY, CONFECTIONERY OR NUTS STORES"
5451,DAIRY PRODUCTS STORES
5462,BAKERIES
5499,MISC FOOD STORES - SPECIALTY MARKETS & CONVENIENCE
5511,AUTO/TRUCK DEALERS NEW/USED SALE REPAIR PARTS & LEASE
5521,AUTOMOBILE AND TRUCK DEALERS (USED ONLY)
5531,AUTOMOBILE SUPPLY STORES OR HOME SUPPLY STORES
5532,AUTOMOTIVE TIRE STORES
5533,"AUTOMOTIVE PARTS, ACCESSORIES STORES"
5541,GAS/SERVICE STATIONS WITH/WITHOUT ANCILLARY SERVICES
5542,AUTOMATED FUEL DISPENSERS
5551,BOAT DEALERS
5561,"RECREATIONAL & UTILITY TRAILERS, CAMPER DEALERS"
5571,MOTORCYCLE DEALERS
5592,MOTOR HOME DEALERS
5598,SNOWMOBILE DEALERS
5599,AUTOMOTIVE DEALERS
5611,MEN'S AND/OR BOYS' CLOTHING AND ACCESSORIES STORES
5621,WOMEN'S READY-TO-WEAR STORES
5631,WOMEN'S ACCESSORY AND SPECIALTY SHOPS
5641,CHILDREN'S AND INFANTS' WEAR STORES
5651,FAMILY CLOTHING STORES
5655,RIDING OR SPORTS APPAREL STORES
5661,SHOE STORES
5681,FURRIERS AND FUR SHOPS
5691,MEN'S AND WOMEN'S CLOTHING STORES
5697,"TAILORS, SEAMSTRESSES, MENDING & ALTERATIONS"
5698,WIG AND TOUPEE STORES
5699,APPAREL AND ACCESSORY SHOPS -- MISCELLANEOUS
5712,"FURNITURE, HOME FURNISHINGS & EQUIP STORES EXCL APPLIANCES"
5713,FLOOR COVERING STORES
5714,"DRAPERY, WINDOWCOVERING, AND UPHOLSTERY STORES"
5715,ALCOHOLIC BEVERAGE WHOLESALERS
5718,"FIREPLACES, FIREPLACE SCREENS AND ACCESSORIES STORES"
5719,HOME FURNISHING SPECIALTY STORES -- MISCELLANEOUS
5722,APPLIANCE STORES (NEC) OR HOUSEHOLD APPLIANCE STORES
5732,ELECTRONIC SALES
5733,"MUSIC STORES, MUSICAL INSTRUMENTS, PIANOS, SHEET MUSIC"
5734,COMPUTER SOFTWARE STORES
5735,RECORD SHOPS
5811,CATERERS
5812,RESTAURANTS OR EATING PLACES
5813,ALCOHOLIC BEVERAGES DRINKING PLACES - BARS NIGHTCLUBS ETC
5814,FAST FOOD RESTAURANTS
5815,"DIGITAL GOODS MEDIA: BOOKS, MOVIES, MUSIC"
5816,DIGITAL GOODS: GAMES
5817,DIGITAL GOODS: APPLICATIONS (EXCLUDES GAMES)
5818,LARGE DIGITAL GOODS MERCHANT
5912,PHARMCIES OR DRUG STORES
5921,"LIQUOR, WINE, PACKAGE OR BEER STORES"
5931,SECONDHAND OR USED MERCHANDISE STORES
5932,ANTIQUE SHOPS
5933,PAWN SHOPS
5935,WRECKING & SALVAGE YARDS
5937,ANTIQUE REPRODUCTIONS
5940,BICYCLE SHOPS -- SALES AND SERVICE
5941,SPORTING GOODS STORES
5942,BOOK STORES
5943,"STATIONERY STORES, OFFICE & SCHOOL SUPPLY STORES"
5944,"CLOCK, JEWELRY, SILVERWARE OR WATCH STORES"
5945,"HOBBY, TOY OR GAMES STORES"
5946,CAMERA AND/OR PHOTOGRAPHIC SUPPLY STORES
5947,"CARD, GIFT, NOVELTY OR SOUVENIR SHOPS"
5948,LUGGAGE OR LEATHER GOODS STORES
5949,"NEEDLEWORK, SEWING OR FABRIC AND PIECE GOODS STORES"
5950,GLASSWARE/CRYSTAL STORES
5960,DIRECT MARKETING INSURANCE SERVICES
5961,MAIL ORDER HOUSES INCL CATALOG ORDER STORES BOOK/RECORD CLUB
5962,"TELEMARK, TRAVEL-RELATED ARRANGEMENT SER"
5963,DOOR-TO-DOOR SALES OR DIRECT SELLING ESTABLISHMENTS
5964,CATALOG MERCHANT
5965,COMBINATION CATALOG AND RETAIL MERCHANT
5966,OUTBOUND TELEMARKETING MERCHANT
5967,INBOUND TELESERVICES MERCHANT
5968,CONTINUITY/SUBSCRIPTION MERCHANT
5969,DIRECT MARKETERS (NEC)
5970,CRAFT OR ARTIST'S SUPPLY SHOPS
5971,ART DEALERS OR GALLERIES
5972,STAMP AND COIN STORES
5973,RELIGIOUS GOODS STORES
5974,RUBBER STAMP STORES/RESERVED FOR NATIONAL USE
5975,"HEARING AIDS -- SALES, SERVICE AND SUPPLY STORES"
5976,"ORTHOPEDIC GOODS, PROSTHETIC DEVICES"
5977,COSMETIC STORES
5978,"TYPEWRITER STORES -- SALES, RENTALS, SERVICE"
5983,"FUEL DEALERS-FUEL,OIL,WOOD,COAL,LIQUE"
5992,FLORISTS
5993,CIGAR STORES AND STANDS
5994,NEWS DEALERS AND NEWSSTANDS
5995,"PET SHOPS, PET FOODS AND SUPPLIES STORES"
5996,"SWIMMING POOLS -- SALES, SERVICE AND SUPPLIES"
5997,ELECTRIC RAZOR STORES -- SALES AND SERVICE
5998,AWNING AND TENT SHOPS
5999,MISCELLANEOUS & SPECIALTY STORES
6010,FINANCIAL INSTITUTIONS - MANUAL CASH DISBURSEMENTS
6011,FINANCIAL INSTITUTIONS - AUTOMATED CASH DISBURSEMENTS
6012,FINANCIAL INSTITUTIONS - MERCHANDISE & SERVICES
6050,QUASI CASH-MEMBER FINANCIAL INSTITUTION
6051,QUASI CASH
6211,SECURITY BROKERS/DEALERS
6300,INSURANCE SALES AND UNDERWRITING
6381,INSURANCE PREMIUMS
6399,INSURANCE (NEC)
6513,REAL ESTATE AGENTS AND MANAGERS-RENTALS
6529,REMOTE STORED VALUE LOAD-MEMBER FINANCIAL INSTITUTION
6530,REMOTE STORED VALUE LOAD
6531,PAYMENT SERVICE PROVIDER-MONEY TRANSFER
6532,PAYMENT TRANSACTION - MEMBER FINANCIAL I
6533,PAYMENT TRANSACTION - MERCHANT
6534,MONEY TRANSFER-MEMBER FINANCIAL INSTITUT
6535,VALUE PURCHASE-MEMBER FINANCIAL INSTITUT
6536,MONEYSEND INTRACOUNTRY
6537,MONEYSEND INTERCOUNTRY
6538,MASTERCARD MONEYSEND FUNDING TRANSACTION
6540,POI FUNDING TRANSACTIONS
6555,MASTERCARD INITIATED REBATE/REWARDS
6611,OVERPAYMENTS
6760,SAVINGS BONDS
7011,"LODGING,HOTELS,MOTELS,RESORTS"
7012,TIMESHARES
7032,SPORT/RECREATIONAL CAMPS
7033,CAMPGROUNDS OR TRAILER PARKS
7210,"CLEANING, LAUNDRY AND GARMENT SERVICES"
7211,DIAPER SERVICES OR LAUNDROMATS
7216,DRY CLEANERS
7217,UPHOLSTERY CLEANING OR CARPET CLEANING
7221,PHOTOGRAPHIC STUDIOS
7230,BARBER OR BEAUTY SHOPS
7251,"SHOE REPAIR SHOPS, SHOE SHINE PARLORS"
7261,CREMATORIES OR FUNERAL SERVICES
7272,ESCORT SERVICES
7273,DATING OR ESCORT SERVICES
7276,TAX PREPARATION SERVICE
7277,"COUNSELING SERVICE -- DEBT, MARRIAGE, PERSONAL"
7278,BUYING OR SHOPPING SERVICES CLUBS
7280,HOSPITAL PATIENT PERSONAL FUNDS WITHDRAW
7295,BABYSITTING SERVICES
7296,"CLOTHING RENTAL -- COSTUMES, FORMAL WEAR, UNIFORMS"
7297,MASSAGE PARLORS
7298,BEAUTY OR HEALTH SPAS
7299,MISC PERSONAL SERVICES NOT ELSEWHERE CLASSIFIED
7311,ADVERTISING SERVICES
7321,CONSUMER CREDIT REPORTING AGENCIES
7322,DEBT COLLECTION AGENCIES
7332,PHOTOCOPYING & BLUEPRINTING SERVICES
7333,"PHOTOGRAPHY, ART AND GRAPHIC -- COMMERCIAL"
7338,"PRINT SHOPS, QUICK COPY SERVICES OR REPRODUCTION SERVICES"
7339,STENOGRAPHIC SERVICES
7341,WINDOW CLEANING SERVICES
7342,DISINFECTING OR EXTERMINATING SERVICES
7349,"CLEANING AND MAINTENANCE, JANITORIAL SERVICES"
7361,EMPLOYMENT AGENCIES OR TEMPORARY HELP SERVICES
7372,"COMPUTER PROGRAMMING, SYSTEMS DESIGN OR DATA PROCESSING SERV"
7375,INFORMATION RETRIEVAL SERVICES
7379,"COMPUTER MAINTENANCE, REPAIR AND SERVICES"
7392,"MANAGEMENT, PUBLIC RELATIONS OR CONSULTING SERVICES"
7393,"DETECTIVE AGENCY, PROTECTIVE SERV, GUARD DOG, ARMORED CAR"
7394,"EQUIP, TOOL, FURNITURE, APPLIANCE LEASE/RENTAL"
7395,"PHOTOFINISHING LABORATORIES, PHOTO DEVELOPING"
7399,BUSINESS SERVICES (NEC)
7511,TRUCK STOP TRANSACTIONS
7512,CAR RENTAL AGENCIES -- NOT LISTED BELOW
7513,"RENTALS -- TRUCKS, TRAILERS OR UTILITY TRAILERS"
7519,RECREATIONAL VEHICLE RENTALS OR MOTOR HOME RENTALS
7523,AUTOMOBILE PARKING OR PARKING LOTS
7524,EXPRESS PAYMENT SERVICES - PARKING/GARAGE
7531,AUTOMOTIVE BODY REPAIR SHOPS
7534,TIRE RETREADING AND REPAIR SHOPS
7535,AUTOMOTIVE PAINT SHOPS
7538,AUTOMOTIVE SERVICE SHOPS (NON-DEALER)
7542,CAR WASHES
7549,TOWING SERVICES
7622,"RADIO, STEREO OR TELEVISION REPAIR SHOPS"
7623,AIR CONDITIONING  OR REFRIGERATION REPAIR SHOPS
7629,APPLIANCE OR ELECTRICAL REPAIR SHOPS
7631,"CLOCK, JEWELRY OR WATCH  REPAIR"
7641,REUPHOLSTERY AND FURNITURE REPAIR
7692,WELDING
7699,REPAIR SHOPS AND RELATED SERVICES -- MISCELLANEOUS
7800,GOVERNMENT-OWNED LOTTERIES
7801,GOVERNMENT LICENSED CASINOS (ONLINE GAMBLING)
7802,GOVERNMENT LICENSED HORSE/DOG RACING
7829,MOTION PICTURE AND VIDEO TAPE PRODUCTION AND DISTRIBUTION
7832,MOTION PICTURE THEATERS
7833,EXPRESS PAYMENT SERVICES - MOTION PICTURE
7841,VIDEO TAPE RENTAL STORES
7911,"DANCE HALLS, STUDIOS AND SCHOOLS"
7922,"THEATRICAL PRODUCERS (EXCL MOTION PICTURES), TICKET AGENCIES"
7929,"BANDS, ORCHESTRAS OR ENTERTAINERS"
7932,BILLIARD AND POOL ESTABLISHMENTS
7933,BOWLING ALLEYS
7941,"COMMERCIAL/PROFESSIONAL SPORTS, PROMOTERS, ATHLETIC FIELDS"
7991,TOURIST ATTRACTIONS AND EXHIBITS
7992,GOLF COURSES -- PUBLIC
7993,VIDEO AMUSEMENT GAME SUPPLIES
7994,VIDEO GAME ARCADES/ESTABLISHMENTS
7995,"BETTING, WAGERING, LOTTERY, GAMBLING TICKETS OR CHIPS"
7996,"AMUSEMENT PARKS, CARNIVALS, CIRCUSES OR FORTUNE TELLERS"
7997,"MEMBERSHIP CLUBS INCL SPORTS, REC, ATHLETIC, COUNTRY, GOLF"
7998,"AQUARIUMS, SEAQUARIUMS, DOLPHINARIUMS"
7999,AMUSEMENT/RECREATIONAL SERVICES NOT ELSEWHERE CLASSIFIED
8011,DOCTORS OR PHYSICIANS
8021,DENTISTS OR ORTHODONTISTS
8031,OSTEOPATHS
8041,CHIROPRACTORS
8042,OPHTHALMOLOGISTS OR OPTOMETRISTS
8043,OPTICIANS
8044,EYEGLASSES STORES OR OPTICAL GOODS
8049,CHIROPODISTS OR PODIATRISTS
8050,CONVALESCENT HOMES OR NURSING AND PERSONAL CARE FACILITIES
8062,HOSPITALS
8071,DENTAL LABORATORIES OR MEDICAL LABORATORIES
8099,MEDICAL SERVICES AND HEALTH PRACTITIONERS (NEC)
8111,ATTORNEYS OR LEGAL SERVICES
8211,ELEMENTARY OR SECONDARY SCHOOLS
8220,"UNIVERSITIES, COLLEGES, SR COLLEGES OR PROFESSIONAL SCHOOLS"
8241,CORRESPONDENCE SCHOOLS
8244,BUSINESS SCHOOLS OR SECRETARIAL SCHOOLS
8249,VOCATIONAL OR TRADE SCHOOLS
8299,SCHOOLS AND EDUCATIONAL SERVICES (NEC)
8351,DAY OR CHILD CARE SERVICES
8398,CHARITABLE  OR SOCIAL SERVICES ORGANIZATIONS
8641,"SOCIAL, FRATERNAL OR CIVIC ASSOCIATIONS"
8651,POLITICAL ORGANIZATIONS
8661,RELIGIOUS ORGANIZATIONS
8675,AUTOMOBILE ASSOCIATIONS
8699,MEMBERSHIP ORGANIZATIONS NOT ELSEWHERE CLASSIFIED
8734,TESTING LABORATORIES (NON-MEDICAL TESTING)
8911,"ARCHITECTURAL, ENGINEERING AND SURVEYING SERVICES"
8931,"ACCOUNTING, BOOKKEEPING OR AUDITING SERVICES"
8999,PROFESSIONAL SERVICES (NEC)
9211,"ALIMONY, CHILD SUPPORT OR COURT COSTS"
9222,FINES
9223,BAIL AND BOND PAYMENTS
9311,TAX PAYMENTS
9399,GOVERNMENT SERVICES (NEC) OR FIRE DEPARTMENTS
9401,I-PURCHASING PILOT
9402,POSTAGE STAMPS
9405,INTERGOVERMENT TRANSACTIONS
9411,GOVERNMENT LOAN PAYMENTS
9700,AUTOMATED REFERRAL SERVICE
9701,VISA CREDENTIAL SERVER
9702,GCAS EMERGENCY SERVICES (VISA USE ONLY)
9751,"U.K. SUPERMARKETS, ELECTRONIC HOT FILE"
9752,"U.K. PETROL STATIONS, ELECTRONIC HOT FILE"
9754,"GAMBLING-HORSE, DOG RACING-ST LOTTERY"
9950,INTRA-COMPANY PURCHASES
9999,CLIENT DEFINED MCC
